"Game","UserID","HoursPlayed","Ratings","Metadata.Genres","Release.Year"
"Alone in the Dark",189858084,0.4,5,"Action,Adventure,Racing / Driving",2008
"Assassin's Creed",76451157,7.3,4,"Action",2007
"Assassin's Creed",22371742,10.9,2,"Action",2007
"Assassin's Creed",33865373,1.1,2,"Action",2007
"Assassin's Creed",37490443,29,3,"Action",2007
"Assassin's Creed",9946133,2.8,3,"Action",2007
"Assassin's Creed",240405101,4.5,1,"Action",2007
"Assassin's Creed",20200395,0.2,3,"Action",2007
"Assassin's Creed",58345543,16.5,1,"Action",2007
"Assassin's Creed",42657809,15.5,3,"Action",2007
"Assassin's Creed",62990992,13.5,5,"Action",2007
"Assassin's Creed",94269421,3.7,1,"Action",2007
"Assassin's Creed",78341587,1.2,4,"Action",2007
"Assassin's Creed",86469479,2.4,4,"Action",2007
"Assassin's Creed",53898495,4.1,2,"Action",2007
"Assassin's Creed",154230933,9.3,4,"Action",2007
"Assassin's Creed",34582304,11.5,4,"Action",2007
"Assassin's Creed",16645459,12.3,3,"Action",2007
"Assassin's Creed",74772820,69,2,"Action",2007
"Assassin's Creed",51822361,15.6,3,"Action",2007
"Assassin's Creed",114838001,7.3,1,"Action",2007
"Assassin's Creed",92503355,2.7,4,"Action",2007
"Assassin's Creed",122026623,29,3,"Action",2007
"Assassin's Creed",92393218,47,1,"Action",2007
"Assassin's Creed",50255774,7.6,3,"Action",2007
"Assassin's Creed",43955374,3.3,3,"Action",2007
"Assassin's Creed",135879753,2,1,"Action",2007
"Assassin's Creed",17995238,0.8,2,"Action",2007
"Assassin's Creed",9128105,3.5,2,"Action",2007
"Assassin's Creed",82046939,4,2,"Action",2007
"Assassin's Creed",34919318,24,2,"Action",2007
"Assassin's Creed",99096740,10.5,1,"Action",2007
"Assassin's Creed",162288536,4.4,2,"Action",2007
"Assassin's Creed",111003065,1.1,3,"Action",2007
"Assassin's Creed",226490758,4.4,1,"Action",2007
"Assassin's Creed",103260848,12.4,2,"Action",2007
"Assassin's Creed",101690993,21,2,"Action",2007
"BioShock",45592640,21,2,"Action",2007
"BioShock",45592640,21,2,"Action",2008
"BioShock",86182317,1.3,1,"Action",2007
"BioShock",86182317,1.3,1,"Action",2008
"BioShock",58931437,37,4,"Action",2007
"BioShock",58931437,37,4,"Action",2008
"BioShock",44321815,3.5,2,"Action",2007
"BioShock",44321815,3.5,2,"Action",2008
"BioShock",95279056,0.6,2,"Action",2007
"BioShock",95279056,0.6,2,"Action",2008
"BioShock",975449,0.3,2,"Action",2007
"BioShock",975449,0.3,2,"Action",2008
"BioShock",70489471,7.8,4,"Action",2007
"BioShock",70489471,7.8,4,"Action",2008
"BioShock",57974873,0.4,1,"Action",2007
"BioShock",57974873,0.4,1,"Action",2008
"BioShock",21061921,1.9,4,"Action",2007
"BioShock",21061921,1.9,4,"Action",2008
"BioShock",73564778,23,2,"Action",2007
"BioShock",73564778,23,2,"Action",2008
"BioShock",167815968,3.1,3,"Action",2007
"BioShock",167815968,3.1,3,"Action",2008
"BioShock",107913460,19.7,2,"Action",2007
"BioShock",107913460,19.7,2,"Action",2008
"BioShock",65909415,10.1,1,"Action",2007
"BioShock",65909415,10.1,1,"Action",2008
"BioShock",36404933,0.7,3,"Action",2007
"BioShock",36404933,0.7,3,"Action",2008
"BioShock",55426012,3.6,4,"Action",2007
"BioShock",55426012,3.6,4,"Action",2008
"BioShock",20772968,0.5,2,"Action",2007
"BioShock",20772968,0.5,2,"Action",2008
"BioShock",85458882,3.2,2,"Action",2007
"BioShock",85458882,3.2,2,"Action",2008
"BioShock",92393218,21,4,"Action",2007
"BioShock",92393218,21,4,"Action",2008
"BioShock",134322141,4.1,3,"Action",2007
"BioShock",134322141,4.1,3,"Action",2008
"BioShock",150033540,0.4,5,"Action",2007
"BioShock",150033540,0.4,5,"Action",2008
"BioShock",181966419,2.4,3,"Action",2007
"BioShock",181966419,2.4,3,"Action",2008
"BioShock",80779496,1.9,3,"Action",2007
"BioShock",80779496,1.9,3,"Action",2008
"BioShock",39146470,0.3,5,"Action",2007
"BioShock",39146470,0.3,5,"Action",2008
"BioShock",30061970,0.7,3,"Action",2007
"BioShock",30061970,0.7,3,"Action",2008
"BioShock",64023574,6.4,2,"Action",2007
"BioShock",64023574,6.4,2,"Action",2008
"BioShock",73835640,8.2,3,"Action",2007
"BioShock",73835640,8.2,3,"Action",2008
"BioShock",66255019,11.5,5,"Action",2007
"BioShock",66255019,11.5,5,"Action",2008
"BioShock",23717586,1.7,4,"Action",2007
"BioShock",23717586,1.7,4,"Action",2008
"BioShock",81439192,21,3,"Action",2007
"BioShock",81439192,21,3,"Action",2008
"BioShock",64973908,4.9,3,"Action",2007
"BioShock",64973908,4.9,3,"Action",2008
"BioShock",156675178,1.3,2,"Action",2007
"BioShock",156675178,1.3,2,"Action",2008
"BioShock",163712958,1.9,4,"Action",2007
"BioShock",163712958,1.9,4,"Action",2008
"BioShock",86041729,5.8,3,"Action",2007
"BioShock",86041729,5.8,3,"Action",2008
"BioShock",36502549,0.2,4,"Action",2007
"BioShock",36502549,0.2,4,"Action",2008
"BioShock",15196746,1.2,3,"Action",2007
"BioShock",15196746,1.2,3,"Action",2008
"BioShock",30519870,2.4,3,"Action",2007
"BioShock",30519870,2.4,3,"Action",2008
"BioShock",59205262,5.5,3,"Action",2007
"BioShock",59205262,5.5,3,"Action",2008
"BioShock",53875128,0.8,3,"Action",2007
"BioShock",53875128,0.8,3,"Action",2008
"BioShock",47457723,12.4,4,"Action",2007
"BioShock",47457723,12.4,4,"Action",2008
"BioShock",29239329,0.3,2,"Action",2007
"BioShock",29239329,0.3,2,"Action",2008
"BioShock",70915652,0.9,3,"Action",2007
"BioShock",70915652,0.9,3,"Action",2008
"BioShock",8795607,0.3,3,"Action",2007
"BioShock",8795607,0.3,3,"Action",2008
"BioShock",199693353,0.4,3,"Action",2007
"BioShock",199693353,0.4,3,"Action",2008
"BioShock",33518079,1.7,3,"Action",2007
"BioShock",33518079,1.7,3,"Action",2008
"BioShock",57603447,2.1,3,"Action",2007
"BioShock",57603447,2.1,3,"Action",2008
"BioShock",30440303,0.5,1,"Action",2007
"BioShock",30440303,0.5,1,"Action",2008
"BioShock",82263745,0.3,4,"Action",2007
"BioShock",82263745,0.3,4,"Action",2008
"BioShock",100351493,0.4,4,"Action",2007
"BioShock",100351493,0.4,4,"Action",2008
"BioShock",81943620,16.2,2,"Action",2007
"BioShock",81943620,16.2,2,"Action",2008
"BioShock",188949150,0.9,3,"Action",2007
"BioShock",188949150,0.9,3,"Action",2008
"BioShock",42061089,19.1,3,"Action",2007
"BioShock",42061089,19.1,3,"Action",2008
"BioShock",154230933,4.4,5,"Action",2007
"BioShock",154230933,4.4,5,"Action",2008
"BioShock",136135322,0.7,1,"Action",2007
"BioShock",136135322,0.7,1,"Action",2008
"BioShock",161896440,7.2,3,"Action",2007
"BioShock",161896440,7.2,3,"Action",2008
"BioShock",17017968,12.5,5,"Action",2007
"BioShock",17017968,12.5,5,"Action",2008
"BioShock",34281672,0.4,3,"Action",2007
"BioShock",34281672,0.4,3,"Action",2008
"BioShock",24632218,26,3,"Action",2007
"BioShock",24632218,26,3,"Action",2008
"BioShock",134641355,25,5,"Action",2007
"BioShock",134641355,25,5,"Action",2008
"BioShock",77214425,8.3,4,"Action",2007
"BioShock",77214425,8.3,4,"Action",2008
"BioShock",17649444,0.3,2,"Action",2007
"BioShock",17649444,0.3,2,"Action",2008
"BioShock",197652539,1,2,"Action",2007
"BioShock",197652539,1,2,"Action",2008
"BioShock",19085114,0.9,2,"Action",2007
"BioShock",19085114,0.9,2,"Action",2008
"BioShock",116325720,0.1,4,"Action",2007
"BioShock",116325720,0.1,4,"Action",2008
"BioShock",98312003,2.1,3,"Action",2007
"BioShock",98312003,2.1,3,"Action",2008
"BioShock",156818121,18.8,4,"Action",2007
"BioShock",156818121,18.8,4,"Action",2008
"BioShock",33282871,0.7,2,"Action",2007
"BioShock",33282871,0.7,2,"Action",2008
"BioShock",75155353,0.3,4,"Action",2007
"BioShock",75155353,0.3,4,"Action",2008
"BioShock",47384303,0.8,5,"Action",2007
"BioShock",47384303,0.8,5,"Action",2008
"BioShock",130312302,1.3,4,"Action",2007
"BioShock",130312302,1.3,4,"Action",2008
"BioShock",16154372,1.4,3,"Action",2007
"BioShock",16154372,1.4,3,"Action",2008
"BioShock",64369759,9.3,4,"Action",2007
"BioShock",64369759,9.3,4,"Action",2008
"BioShock",34901647,12,3,"Action",2007
"BioShock",34901647,12,3,"Action",2008
"BioShock",11813637,2,4,"Action",2007
"BioShock",11813637,2,4,"Action",2008
"BioShock",33214968,8.2,3,"Action",2007
"BioShock",33214968,8.2,3,"Action",2008
"BioShock",155673786,14.2,4,"Action",2007
"BioShock",155673786,14.2,4,"Action",2008
"BioShock",160288335,0.3,3,"Action",2007
"BioShock",160288335,0.3,3,"Action",2008
"BioShock",68532738,0.4,2,"Action",2007
"BioShock",68532738,0.4,2,"Action",2008
"BioShock",27403206,0.8,2,"Action",2007
"BioShock",27403206,0.8,2,"Action",2008
"BioShock",33865373,24,4,"Action",2007
"BioShock",33865373,24,4,"Action",2008
"BioShock",35701646,23,3,"Action",2007
"BioShock",35701646,23,3,"Action",2008
"BioShock",81585721,0.1,3,"Action",2007
"BioShock",81585721,0.1,3,"Action",2008
"BioShock",145243748,20,3,"Action",2007
"BioShock",145243748,20,3,"Action",2008
"BioShock",33580866,0.8,2,"Action",2007
"BioShock",33580866,0.8,2,"Action",2008
"BioShock",48798067,10.2,4,"Action",2007
"BioShock",48798067,10.2,4,"Action",2008
"BioShock",87734805,11.9,4,"Action",2007
"BioShock",87734805,11.9,4,"Action",2008
"BioShock",58761868,31,3,"Action",2007
"BioShock",58761868,31,3,"Action",2008
"BioShock",11373749,17.1,4,"Action",2007
"BioShock",11373749,17.1,4,"Action",2008
"BioShock",144968130,1.4,4,"Action",2007
"BioShock",144968130,1.4,4,"Action",2008
"BioShock",26762388,14.4,3,"Action",2007
"BioShock",26762388,14.4,3,"Action",2008
"BioShock",118541865,2,4,"Action",2007
"BioShock",118541865,2,4,"Action",2008
"BioShock",42298912,1.3,2,"Action",2007
"BioShock",42298912,1.3,2,"Action",2008
"BioShock",185079540,3.3,4,"Action",2007
"BioShock",185079540,3.3,4,"Action",2008
"BioShock",151015947,0.8,2,"Action",2007
"BioShock",151015947,0.8,2,"Action",2008
"BioShock",60296891,1.6,3,"Action",2007
"BioShock",60296891,1.6,3,"Action",2008
"BioShock",11403772,21,2,"Action",2007
"BioShock",11403772,21,2,"Action",2008
"BioShock",9823354,26,5,"Action",2007
"BioShock",9823354,26,5,"Action",2008
"BioShock",159458198,140,2,"Action",2007
"BioShock",159458198,140,2,"Action",2008
"BioShock",162288536,0.7,4,"Action",2007
"BioShock",162288536,0.7,4,"Action",2008
"BioShock",60608576,3.9,2,"Action",2007
"BioShock",60608576,3.9,2,"Action",2008
"BioShock",150909485,28,4,"Action",2007
"BioShock",150909485,28,4,"Action",2008
"BioShock",95531306,10.4,1,"Action",2007
"BioShock",95531306,10.4,1,"Action",2008
"BioShock",13190476,13.7,4,"Action",2007
"BioShock",13190476,13.7,4,"Action",2008
"BioShock",107377573,5.5,3,"Action",2007
"BioShock",107377573,5.5,3,"Action",2008
"BioShock",11794760,1.3,5,"Action",2007
"BioShock",11794760,1.3,5,"Action",2008
"BioShock",171726897,1.8,2,"Action",2007
"BioShock",171726897,1.8,2,"Action",2008
"BioShock",34177747,18.3,5,"Action",2007
"BioShock",34177747,18.3,5,"Action",2008
"BioShock",38049880,0.6,5,"Action",2007
"BioShock",38049880,0.6,5,"Action",2008
"BioShock",190191843,8.4,3,"Action",2007
"BioShock",190191843,8.4,3,"Action",2008
"BioShock",22371742,2.7,4,"Action",2007
"BioShock",22371742,2.7,4,"Action",2008
"BioShock",99077905,8.1,4,"Action",2007
"BioShock",99077905,8.1,4,"Action",2008
"BioShock",268487512,13.7,3,"Action",2007
"BioShock",268487512,13.7,3,"Action",2008
"BioShock",101602586,0.5,3,"Action",2007
"BioShock",101602586,0.5,3,"Action",2008
"BioShock",99083518,4.1,3,"Action",2007
"BioShock",99083518,4.1,3,"Action",2008
"BioShock",82287546,1.6,3,"Action",2007
"BioShock",82287546,1.6,3,"Action",2008
"BioShock",33013552,0.6,3,"Action",2007
"BioShock",33013552,0.6,3,"Action",2008
"BioShock",34582304,18.2,4,"Action",2007
"BioShock",34582304,18.2,4,"Action",2008
"BioShock",143643478,1.7,4,"Action",2007
"BioShock",143643478,1.7,4,"Action",2008
"BioShock",156565178,2.2,3,"Action",2007
"BioShock",156565178,2.2,3,"Action",2008
"BioShock",66596291,0.5,3,"Action",2007
"BioShock",66596291,0.5,3,"Action",2008
"BioShock",94269421,13.9,3,"Action",2007
"BioShock",94269421,13.9,3,"Action",2008
"BioShock",68316900,6.8,5,"Action",2007
"BioShock",68316900,6.8,5,"Action",2008
"BioShock",37490443,3.8,2,"Action",2007
"BioShock",37490443,3.8,2,"Action",2008
"BioShock",51557405,0.3,1,"Action",2007
"BioShock",51557405,0.3,1,"Action",2008
"BioShock",151603712,0.5,4,"Action",2007
"BioShock",151603712,0.5,4,"Action",2008
"BioShock",36557643,0.9,4,"Action",2007
"BioShock",36557643,0.9,4,"Action",2008
"BioShock",44021324,31,4,"Action",2007
"BioShock",44021324,31,4,"Action",2008
"BioShock",33452361,12.3,3,"Action",2007
"BioShock",33452361,12.3,3,"Action",2008
"BioShock",116876958,0.5,4,"Action",2007
"BioShock",116876958,0.5,4,"Action",2008
"BioShock",111212436,5.3,1,"Action",2007
"BioShock",111212436,5.3,1,"Action",2008
"BioShock",58345543,2,2,"Action",2007
"BioShock",58345543,2,2,"Action",2008
"BioShock",71390526,7.3,3,"Action",2007
"BioShock",71390526,7.3,3,"Action",2008
"BioShock",7907686,1,1,"Action",2007
"BioShock",7907686,1,1,"Action",2008
"BioShock",69954842,2.1,3,"Action",2007
"BioShock",69954842,2.1,3,"Action",2008
"BioShock",13565651,6.2,3,"Action",2007
"BioShock",13565651,6.2,3,"Action",2008
"BioShock",78341587,7.1,4,"Action",2007
"BioShock",78341587,7.1,4,"Action",2008
"BioShock",71510748,0.6,4,"Action",2007
"BioShock",71510748,0.6,4,"Action",2008
"BioShock",77194239,5.9,3,"Action",2007
"BioShock",77194239,5.9,3,"Action",2008
"BioShock",157341587,13.9,2,"Action",2007
"BioShock",157341587,13.9,2,"Action",2008
"BioShock",62990992,2.4,3,"Action",2007
"BioShock",62990992,2.4,3,"Action",2008
"BioShock",61189155,9.9,3,"Action",2007
"BioShock",61189155,9.9,3,"Action",2008
"BioShock",167013261,1.5,4,"Action",2007
"BioShock",167013261,1.5,4,"Action",2008
"BioShock",94299484,0.3,2,"Action",2007
"BioShock",94299484,0.3,2,"Action",2008
"BioShock",65229865,1.1,3,"Action",2007
"BioShock",65229865,1.1,3,"Action",2008
"Call of Duty 2",107307955,0.6,1,"Action",2005
"Call of Duty 2",103260848,26,2,"Action",2005
"Call of Duty 2",35047392,4.1,2,"Action",2005
"Call of Duty 2",216025815,2.7,3,"Action",2005
"Call of Duty 2",59925638,7.2,4,"Action",2005
"Call of Duty 2",58057627,0.5,5,"Action",2005
"Call of Duty 2",11978743,0.2,4,"Action",2005
"Call of Duty 2",37422528,0.2,3,"Action",2005
"Call of Juarez",62990992,3.4,1,"Action",2007
"Call of Juarez",96914675,8.6,1,"Action",2007
"Dead Space",75232211,0.2,3,"Action",2008
"Dead Space",33865373,0.8,3,"Action",2008
"Dead Space",110478743,3.6,3,"Action",2008
"Dead Space",77980915,0.9,4,"Action",2008
"Dead Space",49462664,11,3,"Action",2008
"Dead Space",27403206,2.9,4,"Action",2008
"Dead Space",48798067,13.5,1,"Action",2008
"Dead Space",101695880,1.2,1,"Action",2008
"Dead Space",60611062,11.4,2,"Action",2008
"Dead Space",17530772,5,5,"Action",2008
"Dead Space",69954842,3.9,1,"Action",2008
"Dead Space",113752996,0.1,3,"Action",2008
"Dead Space",54291917,1.5,4,"Action",2008
"Dead Space",52731290,40,2,"Action",2008
"Dead Space",53875128,3.3,2,"Action",2008
"Dead Space",63157803,8.2,4,"Action",2008
"Dead Space",50700418,3.2,1,"Action",2008
"Dead Space",69009454,0.4,3,"Action",2008
"Dead Space",47457723,1,5,"Action",2008
"Dead Space",11403772,1.7,4,"Action",2008
"Dead Space",81439192,9.5,3,"Action",2008
"Dead Space",8542204,0.3,3,"Action",2008
"Dead Space",13565651,0.5,5,"Action",2008
"Dead Space",68532738,4.8,3,"Action",2008
"Dead Space",49893565,1.1,4,"Action",2008
"Dead Space",60608576,0.7,4,"Action",2008
"Dead Space",26762388,2.6,5,"Action",2008
"Dead Space",49228258,7.9,3,"Action",2008
"Dead Space",115632831,0.8,2,"Action",2008
"Dead Space",9128105,0.5,4,"Action",2008
"Dead Space",99096740,15.4,4,"Action",2008
"Dead Space",50275189,3.5,2,"Action",2008
"Dead Space",81585721,0.6,2,"Action",2008
"Dead Space",44472980,0.5,1,"Action",2008
"Dead Space",32644336,1.3,3,"Action",2008
"Dead Space",82046939,3.3,3,"Action",2008
"Dead Space",58931437,0.2,3,"Action",2008
"Dead Space",28731346,1.2,3,"Action",2008
"Dead Space",36404933,3.1,3,"Action",2008
"Dead Space",58345543,1.1,5,"Action",2008
"Dead Space",65958466,5.2,5,"Action",2008
"Dead Space",74772820,1.9,2,"Action",2008
"Dead Space",42657809,1.2,3,"Action",2008
"Dead Space",159800136,28,4,"Action",2008
"Dead Space",66615366,9,3,"Action",2008
"Dead Space",34919318,12.1,1,"Action",2008
"Dead Space",81170946,0.5,3,"Action",2008
"Dead Space",55426012,1.1,5,"Action",2008
"Dead Space",114924461,0.6,3,"Action",2008
"Dead Space",68316900,1.5,3,"Action",2008
"Dead Space",178423779,0.6,2,"Action",2008
"Dead Space",561758,1.4,4,"Action",2008
"Dead Space",9823354,16.5,4,"Action",2008
"Dead Space",30440303,12.7,4,"Action",2008
"Dead Space",59790700,0.3,3,"Action",2008
"Dead Space",156818121,10.9,3,"Action",2008
"Dead Space",54637394,3,3,"Action",2008
"Dead Space",125682446,0.7,5,"Action",2008
"Dead Space",10450544,3.2,3,"Action",2008
"Dead Space",151229648,0.3,4,"Action",2008
"Dead Space",11794760,0.3,2,"Action",2008
"Dead Space",33452361,28,3,"Action",2008
"Dead Space",87734805,0.3,3,"Action",2008
"Dead Space",94088853,0.3,1,"Action",2008
"Dead Space",26808868,15.1,3,"Action",2008
"Devil May Cry 4",93644606,19.5,5,"Action",2008
"Devil May Cry 4",80189887,3.6,1,"Action",2008
"Devil May Cry 4",68532738,2.1,2,"Action",2008
"Devil May Cry 4",193156880,0.1,3,"Action",2008
"Devil May Cry 4",44321815,15.6,3,"Action",2008
"Devil May Cry 4",80779496,7.4,5,"Action",2008
"Devil May Cry 4",72996988,1.3,1,"Action",2008
"Devil May Cry 4",24632218,11.2,3,"Action",2008
"Devil May Cry 4",27279261,15.8,2,"Action",2008
"Devil May Cry 4",55426012,0.5,3,"Action",2008
"Devil May Cry 4",87341384,6.9,5,"Action",2008
"Devil May Cry 4",20772968,2,2,"Action",2008
"Devil May Cry 4",60608576,1.8,3,"Action",2008
"Devil May Cry 4",183838531,1.9,5,"Action",2008
"Devil May Cry 4",116325720,4.6,2,"Action",2008
"Devil May Cry 4",77214425,2.4,3,"Action",2008
"Devil May Cry 4",49893565,9,3,"Action",2008
"Devil May Cry 4",48798067,9,4,"Action",2008
"DiRT",20772968,7.4,3,"Racing / Driving,Simulation,Sports",2007
"DiRT",59115473,0.6,3,"Racing / Driving,Simulation,Sports",2007
"Dream Pinball 3D",87694960,0.4,4,"Simulation",2008
"Fallout 3",24632218,31,3,"Action,Role-Playing (RPG)",2008
"Fallout 3",64023574,11,3,"Action,Role-Playing (RPG)",2008
"Fallout 3",205285563,0.4,2,"Action,Role-Playing (RPG)",2008
"Fallout 3",26808868,0.2,2,"Action,Role-Playing (RPG)",2008
"Fallout 3",201889336,0.2,3,"Action,Role-Playing (RPG)",2008
"Fallout 3",86055705,15.1,4,"Action,Role-Playing (RPG)",2008
"Fallout 3",44545959,64,3,"Action,Role-Playing (RPG)",2008
"Fallout 3",235758386,0.1,3,"Action,Role-Playing (RPG)",2008
"Fallout 3",12144171,56,2,"Action,Role-Playing (RPG)",2008
"Fallout 3",9128105,10.2,3,"Action,Role-Playing (RPG)",2008
"Fallout 3",165755355,8,4,"Action,Role-Playing (RPG)",2008
"Fallout 3",178038549,6.7,5,"Action,Role-Playing (RPG)",2008
"Fallout 3",2259650,0.5,1,"Action,Role-Playing (RPG)",2008
"Fallout 3",23386002,30,3,"Action,Role-Playing (RPG)",2008
"Fallout 3",58530556,1,1,"Action,Role-Playing (RPG)",2008
"Fallout 3",58057627,2,5,"Action,Role-Playing (RPG)",2008
"Fallout 3",6928806,2.4,1,"Action,Role-Playing (RPG)",2008
"Fallout 3",33865373,134,4,"Action,Role-Playing (RPG)",2008
"Fallout 3",138482130,1.8,3,"Action,Role-Playing (RPG)",2008
"Fallout 3",87071236,0.7,5,"Action,Role-Playing (RPG)",2008
"Fallout 3",100351493,9.3,2,"Action,Role-Playing (RPG)",2008
"Fallout 3",213720494,6,3,"Action,Role-Playing (RPG)",2008
"Fallout 3",172470005,0.8,4,"Action,Role-Playing (RPG)",2008
"Fallout 3",57500988,63,4,"Action,Role-Playing (RPG)",2008
"Fallout 3",101695880,4.4,5,"Action,Role-Playing (RPG)",2008
"Fallout 3",127072755,11,4,"Action,Role-Playing (RPG)",2008
"Fallout 3",174507916,4.2,1,"Action,Role-Playing (RPG)",2008
"Fallout 3",55300764,14.1,3,"Action,Role-Playing (RPG)",2008
"Fallout 3",166880158,104,4,"Action,Role-Playing (RPG)",2008
"Fallout 3",42542226,28,5,"Action,Role-Playing (RPG)",2008
"Fallout 3",285860790,9.2,2,"Action,Role-Playing (RPG)",2008
"Fallout 3",127272741,8.4,1,"Action,Role-Playing (RPG)",2008
"Fallout 3",39361297,0.5,3,"Action,Role-Playing (RPG)",2008
"Fallout 3",11813637,20,3,"Action,Role-Playing (RPG)",2008
"Fallout 3",136495026,2.5,4,"Action,Role-Playing (RPG)",2008
"Fallout 3",62545742,6.2,4,"Action,Role-Playing (RPG)",2008
"Fallout 3",155420511,1.7,4,"Action,Role-Playing (RPG)",2008
"Fallout 3",65145468,21,3,"Action,Role-Playing (RPG)",2008
"Far Cry 2",196113123,39,1,"Action",2008
"Far Cry 2",116876958,2.8,4,"Action",2008
"Far Cry 2",36546868,4.8,4,"Action",2008
"Far Cry 2",39146470,25,4,"Action",2008
"Far Cry 2",155919035,1.3,3,"Action",2008
"Far Cry 2",26762388,8.8,1,"Action",2008
"Far Cry 2",88035166,0.4,3,"Action",2008
"Far Cry 2",156675178,2.1,3,"Action",2008
"Far Cry 2",157811997,0.5,5,"Action",2008
"Far Cry 2",24469287,1.3,3,"Action",2008
"Far Cry 2",33518079,5,4,"Action",2008
"Far Cry 2",11149819,9.5,3,"Action",2008
"Far Cry 2",55426012,1.1,3,"Action",2008
"Far Cry 2",47457723,1.9,1,"Action",2008
"Far Cry 2",60217594,1.2,3,"Action",2008
"Far Cry 2",132180557,1.6,4,"Action",2008
"Far Cry 2",55367062,0.9,5,"Action",2008
"Far Cry 2",11978743,0.7,5,"Action",2008
"Far Cry 2",22301321,0.5,3,"Action",2008
"Far Cry 2",118852041,0.6,1,"Action",2008
"Far Cry 2",39037163,3.7,3,"Action",2008
"Far Cry 2",69009454,0.4,3,"Action",2008
"Far Cry 2",78309377,1,1,"Action",2008
"Far Cry 2",33865373,0.9,3,"Action",2008
"Far Cry 2",23717586,1.1,4,"Action",2008
"Far Cry 2",49893565,0.7,5,"Action",2008
"Far Cry 2",159800136,6.2,4,"Action",2008
"Far Cry 2",96014467,6.2,1,"Action",2008
"Far Cry 2",30440303,0.3,2,"Action",2008
"Far Cry 2",59536273,4.8,3,"Action",2008
"Far Cry 2",73518199,4,2,"Action",2008
"Far Cry 2",44314169,0.3,1,"Action",2008
"Far Cry 2",124725852,7.9,1,"Action",2008
"Far Cry 2",48798067,15.6,2,"Action",2008
"Far Cry 2",189858084,0.4,2,"Action",2008
"Far Cry 2",59925638,64,5,"Action",2008
"Far Cry 2",67579257,18.9,4,"Action",2008
"Far Cry 2",58345543,5.8,2,"Action",2008
"Far Cry 2",32102983,2.3,2,"Action",2008
"Far Cry 2",28064589,3,4,"Action",2008
"Far Cry 2",34919318,0.3,4,"Action",2008
"Far Cry 2",12610800,2.2,1,"Action",2008
"Far Cry 2",3527485,29,3,"Action",2008
"Far Cry 2",100096071,0.9,2,"Action",2008
"Far Cry 2",82287546,3.7,2,"Action",2008
"Far Cry 2",53875128,0.7,3,"Action",2008
"Far Cry 2",13565651,0.6,1,"Action",2008
"Far Cry 2",42061089,0.3,3,"Action",2008
"Far Cry 2",975449,1.7,4,"Action",2008
"Far Cry 2",77214425,1.6,1,"Action",2008
"Far Cry 2",28472068,1.7,1,"Action",2008
"Far Cry 2",68316900,4.9,2,"Action",2008
"Far Cry 2",163162333,3.9,1,"Action",2008
"Ford Racing 3",118852041,0.5,3,"Action,Racing / Driving",2005
"Grand Theft Auto IV",201757829,21,2,"Action,Racing / Driving",2008
"Grand Theft Auto IV",30440303,16.2,1,"Action,Racing / Driving",2008
"Grand Theft Auto IV",43936108,1.9,3,"Action,Racing / Driving",2008
"Grand Theft Auto IV",2753525,18.3,2,"Action,Racing / Driving",2008
"Grand Theft Auto IV",111754806,2.7,3,"Action,Racing / Driving",2008
"Grand Theft Auto IV",42005897,3.4,2,"Action,Racing / Driving",2008
"Grand Theft Auto IV",206908028,17.3,1,"Action,Racing / Driving",2008
"Grand Theft Auto IV",162453723,0.9,1,"Action,Racing / Driving",2008
"Grand Theft Auto IV",20772968,38,4,"Action,Racing / Driving",2008
"Grand Theft Auto IV",80239919,0.5,3,"Action,Racing / Driving",2008
"Grand Theft Auto IV",28472068,7,3,"Action,Racing / Driving",2008
"Grand Theft Auto IV",82324393,0.5,4,"Action,Racing / Driving",2008
"Grand Theft Auto IV",6928806,1.4,2,"Action,Racing / Driving",2008
"Grand Theft Auto IV",161896440,0.9,3,"Action,Racing / Driving",2008
"Grand Theft Auto IV",110658990,35,4,"Action,Racing / Driving",2008
"Grand Theft Auto IV",63615483,39,5,"Action,Racing / Driving",2008
"Grand Theft Auto IV",68316900,42,1,"Action,Racing / Driving",2008
"Grand Theft Auto IV",75134679,90,3,"Action,Racing / Driving",2008
"Grand Theft Auto IV",22371742,3.2,4,"Action,Racing / Driving",2008
"Grand Theft Auto IV",150135487,17.3,2,"Action,Racing / Driving",2008
"Grand Theft Auto IV",30913209,12.3,1,"Action,Racing / Driving",2008
"Grand Theft Auto IV",59536273,4.3,2,"Action,Racing / Driving",2008
"Grand Theft Auto IV",102927775,5.9,2,"Action,Racing / Driving",2008
"Grand Theft Auto IV",101731521,14,1,"Action,Racing / Driving",2008
"Grand Theft Auto IV",132300630,36,3,"Action,Racing / Driving",2008
"Grand Theft Auto IV",69954842,1.8,5,"Action,Racing / Driving",2008
"Grand Theft Auto IV",110478743,1.5,4,"Action,Racing / Driving",2008
"Grand Theft Auto IV",147879598,25,3,"Action,Racing / Driving",2008
"Grand Theft Auto IV",36404933,55,3,"Action,Racing / Driving",2008
"Grand Theft Auto IV",120164786,68,5,"Action,Racing / Driving",2008
"Grand Theft Auto IV",134322141,0.2,4,"Action,Racing / Driving",2008
"Grand Theft Auto IV",150305902,0.6,3,"Action,Racing / Driving",2008
"Grand Theft Auto IV",39899978,1.4,5,"Action,Racing / Driving",2008
"Grand Theft Auto IV",39622853,24,3,"Action,Racing / Driving",2008
"Grand Theft Auto IV",72989129,7.5,2,"Action,Racing / Driving",2008
"Grand Theft Auto IV",123696203,55,2,"Action,Racing / Driving",2008
"Grand Theft Auto IV",32126281,12.7,1,"Action,Racing / Driving",2008
"Grand Theft Auto IV",114030647,0.3,2,"Action,Racing / Driving",2008
"Grand Theft Auto IV",165073598,0.4,3,"Action,Racing / Driving",2008
"Grand Theft Auto IV",24632218,5.2,4,"Action,Racing / Driving",2008
"Grand Theft Auto IV",45592640,51,4,"Action,Racing / Driving",2008
"Grand Theft Auto IV",118852041,124,1,"Action,Racing / Driving",2008
"Grand Theft Auto IV",106592046,35,4,"Action,Racing / Driving",2008
"Grand Theft Auto IV",106796307,9.6,4,"Action,Racing / Driving",2008
"Grand Theft Auto IV",189858084,0.6,4,"Action,Racing / Driving",2008
"Grand Theft Auto IV",113752996,58,3,"Action,Racing / Driving",2008
"Grand Theft Auto IV",156818121,22,1,"Action,Racing / Driving",2008
"Grand Theft Auto IV",48984158,2,3,"Action,Racing / Driving",2008
"Grand Theft Auto IV",203440072,0.9,3,"Action,Racing / Driving",2008
"Grand Theft Auto IV",154230723,2.2,5,"Action,Racing / Driving",2008
"Grand Theft Auto IV",132418423,0.5,2,"Action,Racing / Driving",2008
"Grand Theft Auto IV",124725852,4.9,3,"Action,Racing / Driving",2008
"Grand Theft Auto IV",35701646,44,3,"Action,Racing / Driving",2008
"Grand Theft Auto IV",112626210,10.8,2,"Action,Racing / Driving",2008
"Grand Theft Auto IV",31187179,2.5,5,"Action,Racing / Driving",2008
"Grand Theft Auto IV",1612666,2.5,3,"Action,Racing / Driving",2008
"Grand Theft Auto IV",205285563,0.1,1,"Action,Racing / Driving",2008
"Grand Theft Auto IV",163140792,222,2,"Action,Racing / Driving",2008
"Grand Theft Auto IV",58237510,9.4,1,"Action,Racing / Driving",2008
"Grand Theft Auto IV",7440594,1.5,5,"Action,Racing / Driving",2008
"Grand Theft Auto IV",51132884,6.4,5,"Action,Racing / Driving",2008
"Grand Theft Auto IV",126269125,120,2,"Action,Racing / Driving",2008
"Grand Theft Auto IV",49228258,43,4,"Action,Racing / Driving",2008
"Grand Theft Auto IV",101687527,37,1,"Action,Racing / Driving",2008
"Grand Theft Auto IV",96014467,0.3,3,"Action,Racing / Driving",2008
"Grand Theft Auto IV",61506388,1.8,2,"Action,Racing / Driving",2008
"Grand Theft Auto IV",164475918,6.9,4,"Action,Racing / Driving",2008
"Grand Theft Auto IV",100833937,65,1,"Action,Racing / Driving",2008
"Grand Theft Auto IV",46028967,1.9,5,"Action,Racing / Driving",2008
"Grand Theft Auto IV",59005471,3.4,4,"Action,Racing / Driving",2008
"Grand Theft Auto IV",170947678,1.3,1,"Action,Racing / Driving",2008
"Grand Theft Auto IV",215562325,20,5,"Action,Racing / Driving",2008
"Grand Theft Auto IV",158495272,1.6,5,"Action,Racing / Driving",2008
"Grand Theft Auto IV",131610144,70,4,"Action,Racing / Driving",2008
"Grand Theft Auto IV",59790700,1.1,5,"Action,Racing / Driving",2008
"Grand Theft Auto IV",58830050,10.6,3,"Action,Racing / Driving",2008
"Grand Theft Auto IV",131463112,0.4,3,"Action,Racing / Driving",2008
"Grand Theft Auto IV",61676491,34,4,"Action,Racing / Driving",2008
"Grand Theft Auto IV",49050405,44,4,"Action,Racing / Driving",2008
"Grand Theft Auto IV",123625432,0.1,4,"Action,Racing / Driving",2008
"Grand Theft Auto IV",55906572,12.7,5,"Action,Racing / Driving",2008
"Grand Theft Auto IV",23717586,154,2,"Action,Racing / Driving",2008
"Grand Theft Auto IV",82287546,49,5,"Action,Racing / Driving",2008
"Grand Theft Auto IV",108160472,1.5,3,"Action,Racing / Driving",2008
"Grand Theft Auto IV",109946857,13.5,4,"Action,Racing / Driving",2008
"Grand Theft Auto IV",208616727,1.4,3,"Action,Racing / Driving",2008
"Grand Theft Auto IV",33622085,20,3,"Action,Racing / Driving",2008
"Grand Theft Auto IV",64023574,55,3,"Action,Racing / Driving",2008
"Grand Theft Auto IV",12610800,1.6,4,"Action,Racing / Driving",2008
"Grand Theft Auto IV",110906645,36,4,"Action,Racing / Driving",2008
"Grand Theft Auto IV",103371488,148,3,"Action,Racing / Driving",2008
"Grand Theft Auto IV",82156706,9.8,1,"Action,Racing / Driving",2008
"Grand Theft Auto IV",34919318,55,2,"Action,Racing / Driving",2008
"Grand Theft Auto IV",10253354,12.8,1,"Action,Racing / Driving",2008
"Grand Theft Auto IV",57603447,7.8,1,"Action,Racing / Driving",2008
"Grand Theft Auto IV",99077905,17.5,4,"Action,Racing / Driving",2008
"Grand Theft Auto IV",148362155,58,5,"Action,Racing / Driving",2008
"Grand Theft Auto IV",82046939,2.2,3,"Action,Racing / Driving",2008
"Grand Theft Auto IV",11970504,0.1,1,"Action,Racing / Driving",2008
"Grand Theft Auto IV",99264709,4.9,3,"Action,Racing / Driving",2008
"Grand Theft Auto IV",174002551,5.9,5,"Action,Racing / Driving",2008
"Grand Theft Auto IV",113268833,0.3,3,"Action,Racing / Driving",2008
"Grand Theft Auto IV",95279056,0.5,1,"Action,Racing / Driving",2008
"Grand Theft Auto IV",107743243,0.1,4,"Action,Racing / Driving",2008
"Grand Theft Auto IV",11149819,6,2,"Action,Racing / Driving",2008
"Grand Theft Auto IV",62545742,63,5,"Action,Racing / Driving",2008
"Grand Theft Auto IV",273082868,3,2,"Action,Racing / Driving",2008
"Grand Theft Auto IV",196059860,1.1,3,"Action,Racing / Driving",2008
"Grand Theft Auto IV",163432200,47,1,"Action,Racing / Driving",2008
"Grand Theft Auto IV",131386705,0.6,4,"Action,Racing / Driving",2008
"Grand Theft Auto IV",96588736,1.5,4,"Action,Racing / Driving",2008
"Grand Theft Auto IV",110470534,1.2,4,"Action,Racing / Driving",2008
"Grand Theft Auto IV",29302014,1.3,5,"Action,Racing / Driving",2008
"Grand Theft Auto IV",10450544,84,3,"Action,Racing / Driving",2008
"Grand Theft Auto IV",51557405,1.3,4,"Action,Racing / Driving",2008
"Grand Theft Auto IV",119310413,0.8,2,"Action,Racing / Driving",2008
"Grand Theft Auto IV",111422562,1.2,4,"Action,Racing / Driving",2008
"Grand Theft Auto IV",161816812,0.1,4,"Action,Racing / Driving",2008
"Grand Theft Auto IV",107417121,25,1,"Action,Racing / Driving",2008
"Grand Theft Auto IV",87040683,28,3,"Action,Racing / Driving",2008
"Grand Theft Auto IV",218918267,11.4,2,"Action,Racing / Driving",2008
"Grand Theft Auto IV",199628395,1.4,4,"Action,Racing / Driving",2008
"Grand Theft Auto IV",17530772,26,2,"Action,Racing / Driving",2008
"Grand Theft Auto IV",90272527,1,3,"Action,Racing / Driving",2008
"Grand Theft Auto IV",11807754,4.6,3,"Action,Racing / Driving",2008
"Grand Theft Auto IV",82263745,34,3,"Action,Racing / Driving",2008
"Grand Theft Auto IV",43684632,18.7,4,"Action,Racing / Driving",2008
"Grand Theft Auto IV",129520075,1.9,4,"Action,Racing / Driving",2008
"Grand Theft Auto IV",53091150,19.4,5,"Action,Racing / Driving",2008
"Grand Theft Auto IV",90711776,2.9,3,"Action,Racing / Driving",2008
"Grand Theft Auto IV",3449240,20,2,"Action,Racing / Driving",2008
"Grand Theft Auto IV",117488479,7.3,3,"Action,Racing / Driving",2008
"Grand Theft Auto IV",7907686,26,3,"Action,Racing / Driving",2008
"Grand Theft Auto IV",94161846,2,5,"Action,Racing / Driving",2008
"Grand Theft Auto IV",111551727,53,3,"Action,Racing / Driving",2008
"Grand Theft Auto IV",152959594,54,2,"Action,Racing / Driving",2008
"Grand Theft Auto IV",53875128,1.5,3,"Action,Racing / Driving",2008
"Grand Theft Auto IV",150033540,12.5,3,"Action,Racing / Driving",2008
"Grand Theft Auto IV",128207897,14,4,"Action,Racing / Driving",2008
"Grand Theft Auto IV",133024750,1.8,5,"Action,Racing / Driving",2008
"Grand Theft Auto IV",58345543,10.9,4,"Action,Racing / Driving",2008
"Grand Theft Auto IV",86055705,13.2,4,"Action,Racing / Driving",2008
"Grand Theft Auto IV",94670160,0.2,4,"Action,Racing / Driving",2008
"Grand Theft Auto IV",142001340,3.3,4,"Action,Racing / Driving",2008
"Grand Theft Auto IV",92503355,0.7,3,"Action,Racing / Driving",2008
"Grand Theft Auto IV",103260848,12.8,1,"Action,Racing / Driving",2008
"Grand Theft Auto IV",38049880,5.7,1,"Action,Racing / Driving",2008
"Grand Theft Auto IV",70591968,97,1,"Action,Racing / Driving",2008
"Grand Theft Auto IV",2259650,3,1,"Action,Racing / Driving",2008
"Grand Theft Auto IV",17567828,7.6,3,"Action,Racing / Driving",2008
"Grand Theft Auto IV",88035166,47,3,"Action,Racing / Driving",2008
"Grand Theft Auto IV",121891688,5.3,3,"Action,Racing / Driving",2008
"Grand Theft Auto IV",47457723,2.7,4,"Action,Racing / Driving",2008
"Grand Theft Auto IV",77194239,6.6,5,"Action,Racing / Driving",2008
"Grand Theft Auto IV",92593907,2.2,5,"Action,Racing / Driving",2008
"Grand Theft Auto IV",65398650,3.7,3,"Action,Racing / Driving",2008
"Grand Theft Auto IV",151603712,0.6,4,"Action,Racing / Driving",2008
"Grand Theft Auto IV",110478090,2,1,"Action,Racing / Driving",2008
"Grand Theft Auto IV",131348564,0.4,4,"Action,Racing / Driving",2008
"Grand Theft Auto IV",37827989,14,3,"Action,Racing / Driving",2008
"Grand Theft Auto IV",77830706,3.1,5,"Action,Racing / Driving",2008
"Grand Theft Auto IV",55975168,40,5,"Action,Racing / Driving",2008
"Grand Theft Auto IV",93275329,20,1,"Action,Racing / Driving",2008
"Grand Theft Auto IV",11813637,22,1,"Action,Racing / Driving",2008
"Grand Theft Auto IV",263993336,2.3,4,"Action,Racing / Driving",2008
"Grand Theft Auto IV",13565651,0.6,3,"Action,Racing / Driving",2008
"Grand Theft Auto IV",172434236,1.7,2,"Action,Racing / Driving",2008
"Grand Theft Auto IV",110369840,27,5,"Action,Racing / Driving",2008
"Grand Theft Auto IV",81585721,29,4,"Action,Racing / Driving",2008
"Grand Theft Auto IV",26465134,43,2,"Action,Racing / Driving",2008
"Grand Theft Auto IV",33282871,2.9,3,"Action,Racing / Driving",2008
"Grand Theft Auto IV",71411882,1.9,3,"Action,Racing / Driving",2008
"Grand Theft Auto IV",248882404,0.6,3,"Action,Racing / Driving",2008
"Grand Theft Auto IV",101596530,13,2,"Action,Racing / Driving",2008
"Grand Theft Auto IV",156426681,16.8,4,"Action,Racing / Driving",2008
"Grand Theft Auto IV",35864169,123,2,"Action,Racing / Driving",2008
"Grand Theft Auto IV",42928788,2,1,"Action,Racing / Driving",2008
"Grand Theft Auto IV",94936385,67,3,"Action,Racing / Driving",2008
"Grand Theft Auto IV",8259307,1.6,2,"Action,Racing / Driving",2008
"Grand Theft Auto IV",187801454,1.2,4,"Action,Racing / Driving",2008
"Grand Theft Auto IV",113300324,8.7,3,"Action,Racing / Driving",2008
"Grand Theft Auto IV",44482198,75,4,"Action,Racing / Driving",2008
"Grand Theft Auto IV",155919035,8,4,"Action,Racing / Driving",2008
"Grand Theft Auto IV",46055854,22,4,"Action,Racing / Driving",2008
"Grand Theft Auto IV",86481908,4.6,3,"Action,Racing / Driving",2008
"Grand Theft Auto IV",156071982,11.1,1,"Action,Racing / Driving",2008
"Grand Theft Auto IV",115037563,18.3,2,"Action,Racing / Driving",2008
"Grand Theft Auto IV",81170946,30,2,"Action,Racing / Driving",2008
"Grand Theft Auto IV",78341587,1.6,3,"Action,Racing / Driving",2008
"Grand Theft Auto IV",64319625,14.8,2,"Action,Racing / Driving",2008
"Grand Theft Auto IV",203800963,5.6,3,"Action,Racing / Driving",2008
"Grand Theft Auto IV",105736077,0.7,2,"Action,Racing / Driving",2008
"Grand Theft Auto IV",83497449,3,5,"Action,Racing / Driving",2008
"Grand Theft Auto IV",88921433,8.5,5,"Action,Racing / Driving",2008
"Grand Theft Auto IV",106760673,9.6,5,"Action,Racing / Driving",2008
"Grand Theft Auto IV",115487966,0.6,4,"Action,Racing / Driving",2008
"Grand Theft Auto IV",36978196,6.8,5,"Action,Racing / Driving",2008
"Grand Theft Auto IV",45617627,20,1,"Action,Racing / Driving",2008
"Grand Theft Auto IV",49893565,53,3,"Action,Racing / Driving",2008
"Grand Theft Auto IV",135400225,12.3,3,"Action,Racing / Driving",2008
"Grand Theft Auto IV",27545486,106,4,"Action,Racing / Driving",2008
"Grand Theft Auto IV",136668535,35,3,"Action,Racing / Driving",2008
"Grand Theft Auto IV",34582304,26,5,"Action,Racing / Driving",2008
"Grand Theft Auto IV",43360645,38,3,"Action,Racing / Driving",2008
"Grand Theft Auto IV",191576449,0.4,5,"Action,Racing / Driving",2008
"Grand Theft Auto IV",127072755,5.4,3,"Action,Racing / Driving",2008
"Grand Theft Auto IV",71510748,24,3,"Action,Racing / Driving",2008
"Grand Theft Auto IV",162288536,22,4,"Action,Racing / Driving",2008
"Grand Theft Auto IV",168539881,6.5,3,"Action,Racing / Driving",2008
"Grand Theft Auto IV",91807066,3.5,4,"Action,Racing / Driving",2008
"Grand Theft Auto IV",14962163,40,4,"Action,Racing / Driving",2008
"Grand Theft Auto IV",26762388,28,3,"Action,Racing / Driving",2008
"Grand Theft Auto IV",62878249,15,5,"Action,Racing / Driving",2008
"Grand Theft Auto IV",96556535,6.1,1,"Action,Racing / Driving",2008
"Grand Theft Auto IV",163930591,8.8,3,"Action,Racing / Driving",2008
"Grand Theft Auto IV",106147454,6.6,3,"Action,Racing / Driving",2008
"Grand Theft Auto IV",37490443,65,3,"Action,Racing / Driving",2008
"Grand Theft Auto IV",165216496,52,2,"Action,Racing / Driving",2008
"Grand Theft Auto IV",137222368,55,2,"Action,Racing / Driving",2008
"Grand Theft Auto IV",77214425,66,1,"Action,Racing / Driving",2008
"Grand Theft Auto IV",100894366,5,5,"Action,Racing / Driving",2008
"Grand Theft Auto IV",30519870,3.8,4,"Action,Racing / Driving",2008
"Grand Theft Auto IV",143235127,3,5,"Action,Racing / Driving",2008
"Grand Theft Auto IV",160883669,2.1,3,"Action,Racing / Driving",2008
"Grand Theft Auto IV",36546868,85,1,"Action,Racing / Driving",2008
"Grand Theft Auto IV",254814380,0.3,2,"Action,Racing / Driving",2008
"GRID",125682446,99,3,"Racing / Driving,Simulation,Sports",2008
"GRID",58345543,3.6,4,"Racing / Driving,Simulation,Sports",2008
"GRID",88579585,2,2,"Racing / Driving,Simulation,Sports",2008
"GRID",88035166,0.2,5,"Racing / Driving,Simulation,Sports",2008
"GRID",78309377,1,3,"Racing / Driving,Simulation,Sports",2008
"GRID",17530772,21,5,"Racing / Driving,Simulation,Sports",2008
"GRID",118852041,1.4,3,"Racing / Driving,Simulation,Sports",2008
"GRID",148362155,1,1,"Racing / Driving,Simulation,Sports",2008
"GRID",116876958,9.6,4,"Racing / Driving,Simulation,Sports",2008
"GRID",270356700,2.2,3,"Racing / Driving,Simulation,Sports",2008
"GRID",11149819,3.4,3,"Racing / Driving,Simulation,Sports",2008
"GRID",59115473,2.4,3,"Racing / Driving,Simulation,Sports",2008
"GRID",49893565,3.3,3,"Racing / Driving,Simulation,Sports",2008
"GRID",137022689,19,4,"Racing / Driving,Simulation,Sports",2008
"GRID",11978743,0.2,1,"Racing / Driving,Simulation,Sports",2008
"GRID",17567828,0.6,2,"Racing / Driving,Simulation,Sports",2008
"GRID",128207897,0.2,3,"Racing / Driving,Simulation,Sports",2008
"GRID",59536273,0.9,5,"Racing / Driving,Simulation,Sports",2008
"GRID",20772968,312,4,"Racing / Driving,Simulation,Sports",2008
"GRID",2259650,0.7,2,"Racing / Driving,Simulation,Sports",2008
"GRID",215208719,11.7,1,"Racing / Driving,Simulation,Sports",2008
"GRID",11373749,31,3,"Racing / Driving,Simulation,Sports",2008
"GRID",55761025,7.9,3,"Racing / Driving,Simulation,Sports",2008
"GRID",51557405,1,4,"Racing / Driving,Simulation,Sports",2008
"GRID",14465359,15.2,3,"Racing / Driving,Simulation,Sports",2008
"GRID",9128105,15.3,5,"Racing / Driving,Simulation,Sports",2008
"GRID",124070622,31,2,"Racing / Driving,Simulation,Sports",2008
"GRID",65229865,38,4,"Racing / Driving,Simulation,Sports",2008
"Just Cause",127344335,0.4,4,"Action,Racing / Driving",2006
"Just Cause",26762388,0.1,5,"Action,Racing / Driving",2006
"Just Cause",116876958,2.6,4,"Action,Racing / Driving",2006
"Just Cause",171847029,16.2,5,"Action,Racing / Driving",2006
"Just Cause",33865373,5.3,4,"Action,Racing / Driving",2006
"Just Cause",92593907,10.6,1,"Action,Racing / Driving",2006
"Just Cause",90272527,0.8,3,"Action,Racing / Driving",2006
"Just Cause",11794760,4.6,3,"Action,Racing / Driving",2006
"Just Cause",8259307,0.5,3,"Action,Racing / Driving",2006
"Just Cause",218317467,24,3,"Action,Racing / Driving",2006
"Just Cause",47457723,0.9,5,"Action,Racing / Driving",2006
"Just Cause",264625792,0.6,3,"Action,Racing / Driving",2006
"Left 4 Dead",234108053,2.4,3,"Action",2008
"Left 4 Dead",17567828,1.8,3,"Action",2008
"Left 4 Dead",30572170,24,3,"Action",2008
"Left 4 Dead",19696244,15.4,2,"Action",2008
"Left 4 Dead",93341815,3.1,2,"Action",2008
"Left 4 Dead",64023574,7.3,4,"Action",2008
"Left 4 Dead",1950243,27,1,"Action",2008
"Left 4 Dead",49462664,243,2,"Action",2008
"Left 4 Dead",33452361,1.4,4,"Action",2008
"Left 4 Dead",298950,0.9,1,"Action",2008
"Left 4 Dead",74695086,4.1,4,"Action",2008
"Left 4 Dead",33580866,100,1,"Action",2008
"Left 4 Dead",54291917,3.4,4,"Action",2008
"Left 4 Dead",26465134,50,2,"Action",2008
"Left 4 Dead",48449055,38,2,"Action",2008
"Left 4 Dead",117695149,0.1,2,"Action",2008
"Left 4 Dead",59536273,7.6,3,"Action",2008
"Left 4 Dead",69954842,4,3,"Action",2008
"Left 4 Dead",71390526,0.2,2,"Action",2008
"Left 4 Dead",27169419,86,3,"Action",2008
"Left 4 Dead",47978182,4.5,4,"Action",2008
"Left 4 Dead",43936108,2.7,2,"Action",2008
"Left 4 Dead",253813925,3.3,4,"Action",2008
"Left 4 Dead",44545959,16.5,3,"Action",2008
"Left 4 Dead",49380630,0.7,2,"Action",2008
"Left 4 Dead",94521606,1,5,"Action",2008
"Left 4 Dead",561758,8.2,4,"Action",2008
"Left 4 Dead",32710856,151,2,"Action",2008
"Left 4 Dead",30440303,12.5,4,"Action",2008
"Left 4 Dead",205285563,1,1,"Action",2008
"Left 4 Dead",21316693,2.7,3,"Action",2008
"Left 4 Dead",2259650,91,2,"Action",2008
"Left 4 Dead",148674157,1.3,4,"Action",2008
"Left 4 Dead",27279261,4.3,3,"Action",2008
"Left 4 Dead",54103616,148,3,"Action",2008
"Left 4 Dead",34919318,250,3,"Action",2008
"Left 4 Dead",49110638,23,4,"Action",2008
"Left 4 Dead",42849279,22,4,"Action",2008
"Left 4 Dead",3979930,3.1,4,"Action",2008
"Left 4 Dead",39146470,1.8,4,"Action",2008
"Left 4 Dead",48058475,21,2,"Action",2008
"Left 4 Dead",20772968,8.1,2,"Action",2008
"Left 4 Dead",189858084,0.1,2,"Action",2008
"Left 4 Dead",11207650,8.7,2,"Action",2008
"Left 4 Dead",161623464,8.5,4,"Action",2008
"Left 4 Dead",195105284,15.9,4,"Action",2008
"Left 4 Dead",29983962,162,2,"Action",2008
"Left 4 Dead",30913209,21,2,"Action",2008
"Left 4 Dead",165755355,2.8,3,"Action",2008
"Left 4 Dead",152497084,0.8,2,"Action",2008
"Left 4 Dead",52672853,0.2,5,"Action",2008
"Left 4 Dead",50699197,7.3,3,"Action",2008
"Left 4 Dead",3449240,53,5,"Action",2008
"Left 4 Dead",65398650,6.6,1,"Action",2008
"Left 4 Dead",31187179,4.2,3,"Action",2008
"Left 4 Dead",85366890,1.5,2,"Action",2008
"Left 4 Dead",47457723,23,3,"Action",2008
"Left 4 Dead",172518437,10.3,1,"Action",2008
"Left 4 Dead",40051659,26,2,"Action",2008
"Left 4 Dead",17530772,25,5,"Action",2008
"Left 4 Dead",31733654,31,3,"Action",2008
"Left 4 Dead",297510921,0.2,5,"Action",2008
"Left 4 Dead",63157803,10.3,2,"Action",2008
"Left 4 Dead",48395915,36,1,"Action",2008
"Left 4 Dead",36502549,4.9,4,"Action",2008
"Left 4 Dead",8311704,6.1,4,"Action",2008
"Left 4 Dead",12144171,1.7,2,"Action",2008
"Left 4 Dead",24721232,13,5,"Action",2008
"Left 4 Dead",83367883,10.1,3,"Action",2008
"Left 4 Dead",52472947,32,3,"Action",2008
"Left 4 Dead",7015471,3.4,3,"Action",2008
"Left 4 Dead",71411882,23,5,"Action",2008
"Left 4 Dead",36546868,270,4,"Action",2008
"Left 4 Dead",45411694,32,3,"Action",2008
"Left 4 Dead",64319625,0.1,5,"Action",2008
"Left 4 Dead",34281672,2.6,3,"Action",2008
"Left 4 Dead",83625754,15.1,4,"Action",2008
"Left 4 Dead",34901647,19.1,2,"Action",2008
"Left 4 Dead",81585721,3.9,3,"Action",2008
"Left 4 Dead",53875128,1.7,3,"Action",2008
"Left 4 Dead",151015947,0.3,3,"Action",2008
"Left 4 Dead",35864169,12,1,"Action",2008
"Left 4 Dead",46397411,32,5,"Action",2008
"Left 4 Dead",56157984,10.7,3,"Action",2008
"Left 4 Dead",65909415,0.2,2,"Action",2008
"Left 4 Dead",33651880,3.5,4,"Action",2008
"Left 4 Dead",56038151,1,4,"Action",2008
"Left 4 Dead",24366790,2.9,5,"Action",2008
"Left 4 Dead",152419713,19.4,3,"Action",2008
"Left 4 Dead",48634782,0.5,4,"Action",2008
"Left 4 Dead",83168693,5.5,5,"Action",2008
"Left 4 Dead",34582304,16.3,2,"Action",2008
"Left 4 Dead",170460109,1.1,3,"Action",2008
"Left 4 Dead",11403772,4.2,3,"Action",2008
"Left 4 Dead",8776918,5.2,3,"Action",2008
"Left 4 Dead",43455427,2.7,3,"Action",2008
"Left 4 Dead",39622853,11.7,3,"Action",2008
"Left 4 Dead",48984158,2.2,2,"Action",2008
"Left 4 Dead",11813637,5.7,3,"Action",2008
"Left 4 Dead",39834113,57,3,"Action",2008
"Left 4 Dead",33622085,278,3,"Action",2008
"Left 4 Dead",252074145,5.4,3,"Action",2008
"Left 4 Dead",22301321,8.2,4,"Action",2008
"Left 4 Dead",10450544,817,3,"Action",2008
"Left 4 Dead",49228258,1.8,5,"Action",2008
"Left 4 Dead",52731290,44,3,"Action",2008
"Left 4 Dead",48845802,1.1,1,"Action",2008
"Left 4 Dead",92914917,0.9,3,"Action",2008
"Left 4 Dead",33518079,69,3,"Action",2008
"Left 4 Dead",14465359,23,3,"Action",2008
"Left 4 Dead",253961136,3.9,4,"Action",2008
"Left 4 Dead",112994491,0.2,3,"Action",2008
"Left 4 Dead",57695896,0.3,3,"Action",2008
"Left 4 Dead",49893565,8.5,1,"Action",2008
"Left 4 Dead",29753085,88,1,"Action",2008
"Left 4 Dead",11149819,52,3,"Action",2008
"Left 4 Dead",122798021,5.7,3,"Action",2008
"Left 4 Dead",47284807,8.5,4,"Action",2008
"Left 4 Dead",35729292,85,3,"Action",2008
"Left 4 Dead",30503921,5.3,1,"Action",2008
"Left 4 Dead",24632218,3.3,3,"Action",2008
"Left 4 Dead",64787956,2.3,3,"Action",2008
"Left 4 Dead",33865373,45,3,"Action",2008
"Left 4 Dead",49350285,125,2,"Action",2008
"Left 4 Dead",62418323,11.6,3,"Action",2008
"Left 4 Dead",24841093,6.2,4,"Action",2008
"Left 4 Dead",268487512,8.7,3,"Action",2008
"Left 4 Dead",68325099,3.3,2,"Action",2008
"Left 4 Dead",31669242,603,4,"Action",2008
"Left 4 Dead",975449,158,4,"Action",2008
"Left 4 Dead",55975168,5.1,4,"Action",2008
"Left 4 Dead",30519870,814,3,"Action",2008
"Left 4 Dead",85673716,5.2,1,"Action",2008
"Left 4 Dead",43955374,163,3,"Action",2008
"Left 4 Dead",24469287,2.4,2,"Action",2008
"Left 4 Dead",14962163,10.6,3,"Action",2008
"Left 4 Dead",50797633,0.8,3,"Action",2008
"Left 4 Dead",44482198,3.1,5,"Action",2008
"Left 4 Dead",54934705,2.9,2,"Action",2008
"Left 4 Dead",50837658,1.4,2,"Action",2008
"Left 4 Dead",68809194,4.2,3,"Action",2008
"Left 4 Dead",50818751,6.3,5,"Action",2008
"Left 4 Dead",94936385,20,3,"Action",2008
"Left 4 Dead",39941720,8,3,"Action",2008
"Left 4 Dead",47728342,83,5,"Action",2008
"Left 4 Dead",110658990,0.6,1,"Action",2008
"Left 4 Dead",141197436,29,3,"Action",2008
"Left 4 Dead",46301758,99,5,"Action",2008
"Left 4 Dead",55906572,5.8,4,"Action",2008
"Left 4 Dead",64079170,7.1,3,"Action",2008
"Left 4 Dead",90878103,281,3,"Action",2008
"Left 4 Dead",33214968,396,3,"Action",2008
"Left 4 Dead",6717871,0.9,2,"Action",2008
"Left 4 Dead",56788879,1.8,1,"Action",2008
"Left 4 Dead",49770308,9.3,2,"Action",2008
"Left 4 Dead",48666962,259,4,"Action",2008
"Left 4 Dead",46028967,3,3,"Action",2008
"Left 4 Dead",95084569,0.2,5,"Action",2008
"Left 4 Dead",148362155,27,2,"Action",2008
"Left 4 Dead",26802825,3.9,3,"Action",2008
"Left 4 Dead",8585433,12.7,3,"Action",2008
"Left 4 Dead",37490443,40,3,"Action",2008
"Left 4 Dead",60706503,2.3,5,"Action",2008
"Left 4 Dead",82046939,1.6,1,"Action",2008
"Left 4 Dead",10599862,15.5,5,"Action",2008
"Left 4 Dead",11940338,0.9,3,"Action",2008
"Left 4 Dead",170382539,2.9,3,"Action",2008
"Left 4 Dead",33282871,11.5,3,"Action",2008
"Left 4 Dead",39403038,24,2,"Action",2008
"Left 4 Dead",53826748,6.9,3,"Action",2008
"Left 4 Dead",73513367,6,2,"Action",2008
"Left 4 Dead",53155177,1.8,5,"Action",2008
"Left 4 Dead",26762388,64,3,"Action",2008
"Left 4 Dead",14126086,2.5,3,"Action",2008
"Left 4 Dead",11794760,4.5,4,"Action",2008
"Left 4 Dead",89691468,1.2,4,"Action",2008
"Left 4 Dead",17995238,117,5,"Action",2008
"Left 4 Dead",88022225,14.1,5,"Action",2008
"Left 4 Dead",11807754,202,2,"Action",2008
"Left 4 Dead",19668647,71,4,"Action",2008
"Left 4 Dead",82352462,1,3,"Action",2008
"Left 4 Dead",78707098,2.8,5,"Action",2008
"Left 4 Dead",21061921,23,3,"Action",2008
"Left 4 Dead",72387826,32,5,"Action",2008
"Left 4 Dead",44426653,9,5,"Action",2008
"Left 4 Dead",33071192,1.6,5,"Action",2008
"Left 4 Dead",156071982,3.2,3,"Action",2008
"Left 4 Dead",37723786,25,4,"Action",2008
"Left 4 Dead",7907686,37,3,"Action",2008
"Left 4 Dead",35039277,53,3,"Action",2008
"Left 4 Dead",14417857,35,3,"Action",2008
"Left 4 Dead",24858005,13.9,4,"Action",2008
"Left 4 Dead",35701646,113,5,"Action",2008
"Left 4 Dead",71760673,2.2,4,"Action",2008
"Left 4 Dead",13190476,5.2,4,"Action",2008
"Left 4 Dead",51822361,343,4,"Action",2008
"Left 4 Dead",32847394,24,3,"Action",2008
"Left 4 Dead",11373749,44,4,"Action",2008
"Left 4 Dead",44314169,8,3,"Action",2008
"Left 4 Dead",12760368,7.8,3,"Action",2008
"Left 4 Dead",13556140,34,4,"Action",2008
"Left 4 Dead",13565651,7.2,2,"Action",2008
"Left 4 Dead",49832324,18.9,4,"Action",2008
"Left 4 Dead",151603712,3.3,2,"Action",2008
"Legendary",159800136,0.7,3,"Action",2008
"Legendary",40212239,1.3,1,"Action",2008
"Legendary",119619506,0.4,5,"Action",2008
"Legendary",47457723,0.4,2,"Action",2008
"Legendary",127272741,0.8,2,"Action",2008
"Legendary",72842694,0.3,3,"Action",2008
"Legendary",161366228,0.4,2,"Action",2008
"Legendary",131785763,4.3,3,"Action",2008
"Legendary",153956921,0.4,3,"Action",2008
"Legendary",38049880,1,3,"Action",2008
"Mass Effect",8776918,1.1,4,"Action,Role-Playing (RPG)",2007
"Mass Effect",34177747,30,3,"Action,Role-Playing (RPG)",2007
"Mass Effect",20200395,0.9,4,"Action,Role-Playing (RPG)",2007
"Mass Effect",14126086,137,4,"Action,Role-Playing (RPG)",2007
"Mass Effect",108264287,3.6,2,"Action,Role-Playing (RPG)",2007
"Mass Effect",94269421,44,4,"Action,Role-Playing (RPG)",2007
"Mass Effect",30061970,4.5,3,"Action,Role-Playing (RPG)",2007
"Mass Effect",82287546,11.5,5,"Action,Role-Playing (RPG)",2007
"Mass Effect",22301321,11.8,3,"Action,Role-Playing (RPG)",2007
"Mass Effect",48149238,5.7,3,"Action,Role-Playing (RPG)",2007
"Mass Effect",36546868,10.8,3,"Action,Role-Playing (RPG)",2007
"Mass Effect",17530772,22,3,"Action,Role-Playing (RPG)",2007
"Mass Effect",11207650,2.9,3,"Action,Role-Playing (RPG)",2007
"Mass Effect",55906572,0.8,3,"Action,Role-Playing (RPG)",2007
"Mass Effect",21061921,1.8,1,"Action,Role-Playing (RPG)",2007
"Mass Effect",13565651,43,4,"Action,Role-Playing (RPG)",2007
"Mass Effect",51557405,23,2,"Action,Role-Playing (RPG)",2007
"Mass Effect",47457723,25,3,"Action,Role-Playing (RPG)",2007
"Mass Effect",58905429,1.3,3,"Action,Role-Playing (RPG)",2007
"Mass Effect",11731710,22,2,"Action,Role-Playing (RPG)",2007
"Mass Effect",84883272,9.1,4,"Action,Role-Playing (RPG)",2007
"Mass Effect",975449,32,5,"Action,Role-Playing (RPG)",2007
"Mass Effect",81170946,3,5,"Action,Role-Playing (RPG)",2007
"Mass Effect",12760368,0.2,3,"Action,Role-Playing (RPG)",2007
"Mass Effect",116564064,0.4,4,"Action,Role-Playing (RPG)",2007
"Mass Effect",48798067,22,2,"Action,Role-Playing (RPG)",2007
"Mass Effect",71777065,8.6,3,"Action,Role-Playing (RPG)",2007
"Mass Effect",14465359,38,5,"Action,Role-Playing (RPG)",2007
"Mass Effect",20704366,18.1,3,"Action,Role-Playing (RPG)",2007
"Mass Effect",11161178,52,3,"Action,Role-Playing (RPG)",2007
"Mass Effect",49630184,247,2,"Action,Role-Playing (RPG)",2007
"Mass Effect",75232211,25,3,"Action,Role-Playing (RPG)",2007
"Mass Effect",54761333,74,2,"Action,Role-Playing (RPG)",2007
"Mass Effect",113124720,0.6,4,"Action,Role-Playing (RPG)",2007
"Mass Effect",561758,13.7,1,"Action,Role-Playing (RPG)",2007
"Mass Effect",155919035,22,5,"Action,Role-Playing (RPG)",2007
"Mass Effect",88921433,1.6,2,"Action,Role-Playing (RPG)",2007
"Mass Effect",30519870,0.6,4,"Action,Role-Playing (RPG)",2007
"Mass Effect",53875128,1.9,5,"Action,Role-Playing (RPG)",2007
"Mass Effect",143643478,5.2,3,"Action,Role-Playing (RPG)",2007
"Mass Effect",64369759,53,2,"Action,Role-Playing (RPG)",2007
"Mass Effect",22371742,58,3,"Action,Role-Playing (RPG)",2007
"Mass Effect",66530362,26,1,"Action,Role-Playing (RPG)",2007
"Mass Effect",36557643,1.1,3,"Action,Role-Playing (RPG)",2007
"Mass Effect",166880158,18.7,1,"Action,Role-Playing (RPG)",2007
"Mass Effect",59005471,24,3,"Action,Role-Playing (RPG)",2007
"Mass Effect",107913460,72,3,"Action,Role-Playing (RPG)",2007
"Mass Effect",95037089,9,2,"Action,Role-Playing (RPG)",2007
"Mass Effect",33865373,1.6,3,"Action,Role-Playing (RPG)",2007
"Mass Effect",54194546,9,2,"Action,Role-Playing (RPG)",2007
"Mass Effect",65958466,125,2,"Action,Role-Playing (RPG)",2007
"Mass Effect",151229648,19.7,2,"Action,Role-Playing (RPG)",2007
"Mass Effect",11813637,24,4,"Action,Role-Playing (RPG)",2007
"Mass Effect",47384303,11.1,3,"Action,Role-Playing (RPG)",2007
"Mass Effect",73721802,1.7,4,"Action,Role-Playing (RPG)",2007
"Mass Effect",7907686,9.9,1,"Action,Role-Playing (RPG)",2007
"Mass Effect",77214425,4.5,4,"Action,Role-Playing (RPG)",2007
"Mass Effect",38293596,0.6,1,"Action,Role-Playing (RPG)",2007
"Mass Effect",12610800,0.9,4,"Action,Role-Playing (RPG)",2007
"Mass Effect",116411567,2.2,3,"Action,Role-Playing (RPG)",2007
"Mass Effect",121891688,21,3,"Action,Role-Playing (RPG)",2007
"Mass Effect",33518079,57,2,"Action,Role-Playing (RPG)",2007
"Mass Effect",101690993,71,5,"Action,Role-Playing (RPG)",2007
"Mass Effect",9128105,17.3,4,"Action,Role-Playing (RPG)",2007
"Mass Effect",116876958,10.2,4,"Action,Role-Playing (RPG)",2007
"Mass Effect",9823354,68,2,"Action,Role-Playing (RPG)",2007
"Mass Effect",54888069,2.8,2,"Action,Role-Playing (RPG)",2007
"Mass Effect",156675178,4.8,2,"Action,Role-Playing (RPG)",2007
"Mass Effect",17649444,908,3,"Action,Role-Playing (RPG)",2007
"Mirror's Edge",31187179,2.8,4,"Action",2008
"Mirror's Edge",154730370,4.6,2,"Action",2008
"Mirror's Edge",66255019,0.4,3,"Action",2008
"Mirror's Edge",53091150,1.4,4,"Action",2008
"Mirror's Edge",63615483,1.2,4,"Action",2008
"Mirror's Edge",235692659,4,3,"Action",2008
"Mirror's Edge",11794760,0.7,2,"Action",2008
"Mirror's Edge",49228258,4.4,4,"Action",2008
"Mirror's Edge",87694960,1,2,"Action",2008
"Mirror's Edge",54637394,5.6,3,"Action",2008
"Mirror's Edge",106760673,0.5,5,"Action",2008
"Mirror's Edge",80494893,2.7,3,"Action",2008
"Mirror's Edge",29081256,0.3,5,"Action",2008
"Mirror's Edge",96914675,11.4,4,"Action",2008
"Mirror's Edge",110658990,2.9,3,"Action",2008
"Mirror's Edge",50818751,7.1,4,"Action",2008
"Mirror's Edge",113752996,5,4,"Action",2008
"Mirror's Edge",95699780,0.4,4,"Action",2008
"Mirror's Edge",45617627,1,3,"Action",2008
"Mirror's Edge",55906572,12,3,"Action",2008
"Mirror's Edge",78309377,1,4,"Action",2008
"Mirror's Edge",46030552,0.4,2,"Action",2008
"Mirror's Edge",119310413,4.2,4,"Action",2008
"Mirror's Edge",127311699,0.6,1,"Action",2008
"Mirror's Edge",199693353,1,4,"Action",2008
"Mirror's Edge",94088853,5.4,5,"Action",2008
"Mirror's Edge",99171164,24,2,"Action",2008
"Mirror's Edge",93275329,36,2,"Action",2008
"Mirror's Edge",56038151,0.3,2,"Action",2008
"Mirror's Edge",24632218,0.9,1,"Action",2008
"Mirror's Edge",23717586,36,3,"Action",2008
"Mirror's Edge",8585433,5,3,"Action",2008
"Mirror's Edge",10599862,2.7,3,"Action",2008
"Mirror's Edge",73495968,2.1,5,"Action",2008
"Mirror's Edge",158620881,4.8,2,"Action",2008
"Mirror's Edge",65909415,5.7,3,"Action",2008
"Mirror's Edge",80630217,0.9,3,"Action",2008
"Mirror's Edge",55761025,0.3,3,"Action",2008
"Mirror's Edge",69954842,7.9,4,"Action",2008
"Mirror's Edge",975449,7.6,4,"Action",2008
"Mirror's Edge",7907686,6.5,4,"Action",2008
"Mirror's Edge",62078957,1,3,"Action",2008
"Mirror's Edge",104830836,2,2,"Action",2008
"Mirror's Edge",40212239,0.9,5,"Action",2008
"Mirror's Edge",116564064,24,4,"Action",2008
"Mirror's Edge",101687527,3.5,2,"Action",2008
"Mirror's Edge",122026623,6.7,2,"Action",2008
"Mirror's Edge",67694595,5.1,2,"Action",2008
"Mirror's Edge",108114779,0.7,4,"Action",2008
"Mirror's Edge",80189887,9,3,"Action",2008
"Mirror's Edge",62990992,0.5,3,"Action",2008
"Mirror's Edge",97298878,0.5,3,"Action",2008
"Mirror's Edge",136495026,1.2,1,"Action",2008
"Mirror's Edge",126098408,0.3,5,"Action",2008
"Mirror's Edge",107377573,5,1,"Action",2008
"Mirror's Edge",60296891,3.1,4,"Action",2008
"Mirror's Edge",73564778,0.5,1,"Action",2008
"Mirror's Edge",116876958,6.2,2,"Action",2008
"Mirror's Edge",20772968,0.7,5,"Action",2008
"Mirror's Edge",71510748,10,3,"Action",2008
"Mirror's Edge",53875128,23,3,"Action",2008
"Mirror's Edge",82046939,1,3,"Action",2008
"Mirror's Edge",83849502,0.8,4,"Action",2008
"Mirror's Edge",26762388,22,3,"Action",2008
"Mirror's Edge",21539893,0.4,1,"Action",2008
"Mirror's Edge",59790700,1.2,2,"Action",2008
"Mirror's Edge",99723205,0.9,3,"Action",2008
"Mirror's Edge",58345543,2.7,3,"Action",2008
"Mirror's Edge",46301758,0.5,3,"Action",2008
"Mirror's Edge",50797633,5,3,"Action",2008
"Mirror's Edge",141402600,1.8,4,"Action",2008
"Mirror's Edge",47457723,0.1,2,"Action",2008
"Mirror's Edge",87734805,0.2,4,"Action",2008
"Mirror's Edge",10253354,1.9,3,"Action",2008
"Mirror's Edge",88883891,0.2,4,"Action",2008
"Mirror's Edge",55426012,6.3,3,"Action",2008
"Mirror's Edge",43360645,13.8,3,"Action",2008
"Mirror's Edge",67579257,0.3,4,"Action",2008
"Mirror's Edge",51557405,1.1,4,"Action",2008
"Mirror's Edge",38465050,13.5,4,"Action",2008
"Mirror's Edge",33865373,5,4,"Action",2008
"Mirror's Edge",2259650,0.1,5,"Action",2008
"Mirror's Edge",96400571,8.6,2,"Action",2008
"Mirror's Edge",125682446,2.8,4,"Action",2008
"Mirror's Edge",80779496,1.5,2,"Action",2008
"Mirror's Edge",28472068,0.4,4,"Action",2008
"Mirror's Edge",145243748,10.4,2,"Action",2008
"Mirror's Edge",9823354,1,3,"Action",2008
"Mirror's Edge",58905429,0.6,3,"Action",2008
"Mirror's Edge",99077905,5.1,3,"Action",2008
"Mirror's Edge",123625432,2,3,"Action",2008
"Mirror's Edge",8542204,14.9,3,"Action",2008
"Mirror's Edge",193156880,1.3,4,"Action",2008
"Mirror's Edge",131463112,8.8,2,"Action",2008
"Mirror's Edge",127272741,5.2,3,"Action",2008
"Mirror's Edge",85497862,2.9,3,"Action",2008
"Mirror's Edge",61506388,0.2,2,"Action",2008
"Mirror's Edge",137022689,0.9,5,"Action",2008
"Mirror's Edge",48798067,5.1,3,"Action",2008
"Mirror's Edge",118664413,0.5,4,"Action",2008
"Mirror's Edge",70408902,0.7,2,"Action",2008
"Mirror's Edge",61676491,0.4,3,"Action",2008
"Mirror's Edge",48666962,8,2,"Action",2008
"Mirror's Edge",8795607,0.8,1,"Action",2008
"Mirror's Edge",68532738,1,4,"Action",2008
"Mirror's Edge",36557643,0.7,3,"Action",2008
"Mirror's Edge",12610800,0.6,3,"Action",2008
"Mirror's Edge",39622853,2.4,5,"Action",2008
"Mirror's Edge",48984158,2.9,2,"Action",2008
"Mirror's Edge",15196746,3.6,3,"Action",2008
"Mirror's Edge",31669242,0.7,4,"Action",2008
"Mirror's Edge",27279261,0.3,2,"Action",2008
"Mirror's Edge",216025815,0.7,3,"Action",2008
"Mirror's Edge",30440303,5.9,5,"Action",2008
"Mirror's Edge",77214425,2.1,3,"Action",2008
"Mirror's Edge",36404933,0.8,4,"Action",2008
"Mirror's Edge",230572014,0.4,3,"Action",2008
"Mirror's Edge",76451157,0.8,5,"Action",2008
"Mirror's Edge",65958466,23,4,"Action",2008
"NBA 2K9",45974860,13.4,3,"Sports",2008
"NBA 2K9",46276248,6.7,1,"Sports",2008
"NBA 2K9",83792733,201,4,"Sports",2008
"NBA 2K9",42127150,3.4,3,"Sports",2008
"NBA 2K9",52567955,0.9,3,"Sports",2008
"NBA 2K9",49718752,2.9,3,"Sports",2008
"NBA 2K9",53040574,0.3,3,"Sports",2008
"Overlord",36546868,0.4,2,"Action,Strategy",2007
"Overlord",39037163,3,4,"Action,Strategy",2007
"Overlord",93126933,69,3,"Action,Strategy",2007
"Overlord",35701646,16.4,5,"Action,Strategy",2007
"Overlord",53091150,5.6,2,"Action,Strategy",2007
"Overlord",225848614,1,4,"Action,Strategy",2007
"Overlord",14544587,0.5,3,"Action,Strategy",2007
"Overlord",47384303,6.1,5,"Action,Strategy",2007
"Overlord",43955374,0.5,1,"Action,Strategy",2007
"Overlord",26762388,2,2,"Action,Strategy",2007
"Overlord",46785501,3.5,2,"Action,Strategy",2007
"Overlord",16084897,119,3,"Action,Strategy",2007
"Overlord",70915652,5.1,4,"Action,Strategy",2007
"Overlord",138482130,0.3,5,"Action,Strategy",2007
"Overlord",80189887,3.3,3,"Action,Strategy",2007
"Overlord",34177747,16.4,5,"Action,Strategy",2007
"Overlord",9128105,2.8,4,"Action,Strategy",2007
"Overlord",127344335,4.8,3,"Action,Strategy",2007
"Overlord",17530772,19.9,4,"Action,Strategy",2007
"Overlord",47457723,21,1,"Action,Strategy",2007
"Overlord",49893565,9.4,4,"Action,Strategy",2007
"Overlord",110881546,0.5,3,"Action,Strategy",2007
"Platypus",62990992,0.9,5,"Action",2006
"Platypus",122026623,5.2,2,"Action",2006
"Prey",35864169,3.5,2,"Action",2006
"Prey",11813637,0.5,3,"Action",2006
"Prey",47457723,6.3,2,"Action",2006
"Prey",9823354,5.4,4,"Action",2006
"Prince of Persia",69954842,1.7,3,"Action",2008
"Prince of Persia",101690993,1.3,2,"Action",2008
"Prince of Persia",975449,0.9,4,"Action",2008
"Prince of Persia",127311699,2.3,5,"Action",2008
"Prince of Persia",122026623,0.8,5,"Action",2008
"Quake 4",33706322,0.1,1,"Action",2005
"Quake 4",47457723,0.3,3,"Action",2005
"Quake 4",50818751,0.1,5,"Action",2005
"Quake 4",11207650,5.5,1,"Action",2005
"Saints Row 2",61506388,2.8,3,"Action,Racing / Driving",2008
"Saints Row 2",54229062,0.2,5,"Action,Racing / Driving",2008
"Saints Row 2",30061970,0.8,1,"Action,Racing / Driving",2008
"Saints Row 2",181608676,2.2,4,"Action,Racing / Driving",2008
"Saints Row 2",122026623,0.3,3,"Action,Racing / Driving",2008
"Saints Row 2",174633348,7.1,3,"Action,Racing / Driving",2008
"Saints Row 2",162543176,0.5,3,"Action,Racing / Driving",2008
"Saints Row 2",102825821,0.1,3,"Action,Racing / Driving",2008
"Saints Row 2",63441290,32,1,"Action,Racing / Driving",2008
"Saints Row 2",93275329,0.1,3,"Action,Racing / Driving",2008
"Saints Row 2",129873202,108,4,"Action,Racing / Driving",2008
"Saints Row 2",45575299,20,5,"Action,Racing / Driving",2008
"Saints Row 2",47457723,24,1,"Action,Racing / Driving",2008
"Saints Row 2",48984158,0.6,3,"Action,Racing / Driving",2008
"Saints Row 2",218317467,1.6,4,"Action,Racing / Driving",2008
"Saints Row 2",37490443,24,4,"Action,Racing / Driving",2008
"Saints Row 2",118180800,6.8,2,"Action,Racing / Driving",2008
"Saints Row 2",90541290,120,3,"Action,Racing / Driving",2008
"Saints Row 2",64973908,2,2,"Action,Racing / Driving",2008
"Saints Row 2",92276000,17.8,5,"Action,Racing / Driving",2008
"Saints Row 2",118852041,0.7,4,"Action,Racing / Driving",2008
"Saints Row 2",74290096,30,3,"Action,Racing / Driving",2008
"Saints Row 2",88352678,2.3,2,"Action,Racing / Driving",2008
"Saints Row 2",54444464,0.5,3,"Action,Racing / Driving",2008
"Saints Row 2",26762388,308,4,"Action,Racing / Driving",2008
"Saints Row 2",115671217,0.4,5,"Action,Racing / Driving",2008
"Saints Row 2",46055854,6.8,3,"Action,Racing / Driving",2008
"Saints Row 2",116663350,0.4,3,"Action,Racing / Driving",2008
"Saints Row 2",48756018,40,4,"Action,Racing / Driving",2008
"Saints Row 2",101690993,23,4,"Action,Racing / Driving",2008
"Saints Row 2",43936108,2.5,2,"Action,Racing / Driving",2008
"Saints Row 2",92593907,13.3,4,"Action,Racing / Driving",2008
"Saints Row 2",58345543,2.2,1,"Action,Racing / Driving",2008
"Saints Row 2",22301321,1.2,4,"Action,Racing / Driving",2008
"Saints Row 2",116494569,1,2,"Action,Racing / Driving",2008
"Saints Row 2",82287546,10,4,"Action,Racing / Driving",2008
"Saints Row 2",58121946,0.6,2,"Action,Racing / Driving",2008
"Saints Row 2",43684632,0.8,3,"Action,Racing / Driving",2008
"Saints Row 2",76451157,18.5,4,"Action,Racing / Driving",2008
"Saints Row 2",159800136,0.3,3,"Action,Racing / Driving",2008
"Saints Row 2",65883119,113,3,"Action,Racing / Driving",2008
"Saints Row 2",50229934,47,2,"Action,Racing / Driving",2008
"Saints Row 2",48668697,12,5,"Action,Racing / Driving",2008
"Saints Row 2",60210313,129,3,"Action,Racing / Driving",2008
"Saints Row 2",58152057,0.6,2,"Action,Racing / Driving",2008
"Saints Row 2",119619506,2.4,3,"Action,Racing / Driving",2008
"Saints Row 2",103371488,4.6,3,"Action,Racing / Driving",2008
"Saints Row 2",71510748,0.2,3,"Action,Racing / Driving",2008
"Saints Row 2",83770731,16.8,3,"Action,Racing / Driving",2008
"Saints Row 2",189734107,1.7,3,"Action,Racing / Driving",2008
"Saints Row 2",69009454,1.1,4,"Action,Racing / Driving",2008
"Saints Row 2",62514874,9.3,4,"Action,Racing / Driving",2008
"Saints Row 2",47284807,34,3,"Action,Racing / Driving",2008
"Saints Row 2",11373749,58,3,"Action,Racing / Driving",2008
"Saints Row 2",57810800,23,1,"Action,Racing / Driving",2008
"Saints Row 2",57319696,96,3,"Action,Racing / Driving",2008
"Saints Row 2",50032397,163,3,"Action,Racing / Driving",2008
"SEGA Bass Fishing",24721232,0.3,1,"Sports",2008
"SEGA Bass Fishing",33622085,0.2,5,"Sports",2008
"Supreme Commander",29239329,0.8,1,"Strategy",2008
"Supreme Commander",17649444,106,1,"Strategy",2008
"Supreme Commander",49312497,2.5,1,"Strategy",2008
"Supreme Commander",1936551,2.5,4,"Strategy",2008
"Supreme Commander",63965791,9.2,2,"Strategy",2008
"Supreme Commander",35039277,22,2,"Strategy",2008
"Supreme Commander",62990992,47,4,"Strategy",2008
"Supreme Commander",92025878,54,1,"Strategy",2008
"Supreme Commander",30246419,3.3,3,"Strategy",2008
"Supreme Commander",122026623,7.1,1,"Strategy",2008
"Supreme Commander",12144171,5.3,3,"Strategy",2008
"Supreme Commander",47457723,0.1,3,"Strategy",2008
"Supreme Commander",49893565,1.2,5,"Strategy",2008
"Supreme Commander",17530772,0.4,3,"Strategy",2008
"Supreme Commander",38049880,22,3,"Strategy",2008
"Supreme Commander",86469479,5.2,3,"Strategy",2008
"Supreme Commander",38731746,5.3,3,"Strategy",2008
"Supreme Commander",55906572,0.4,4,"Strategy",2008
"Syberia",11403772,3.8,2,"Adventure",2008
"Syberia",118664413,0.6,3,"Adventure",2008
"Syberia",116876958,3.3,4,"Adventure",2008
"Syberia",156879739,1.1,3,"Adventure",2008
"Syberia",83770731,4.1,1,"Adventure",2008
"Syberia",30519870,5.6,3,"Adventure",2008
"Syberia",61506388,0.1,2,"Adventure",2008
"The Club",40280688,1.3,1,"Action",2008
"The Last Remnant",127311699,0.4,3,"Role-Playing (RPG)",2008
"The Last Remnant",22371742,0.6,2,"Role-Playing (RPG)",2008
"The Last Remnant",59332369,0.6,3,"Role-Playing (RPG)",2008
"The Last Remnant",59382844,13.6,2,"Role-Playing (RPG)",2008
"The Last Remnant",57500988,108,5,"Role-Playing (RPG)",2008
"The Last Remnant",207036748,0.5,2,"Role-Playing (RPG)",2008
"The Last Remnant",48798067,6.8,2,"Role-Playing (RPG)",2008
"The Last Remnant",63441290,40,4,"Role-Playing (RPG)",2008
"The Last Remnant",164820245,0.2,3,"Role-Playing (RPG)",2008
"The Last Remnant",111551727,50,3,"Role-Playing (RPG)",2008
"The Last Remnant",55906572,0.5,2,"Role-Playing (RPG)",2008
"The Last Remnant",52293096,75,3,"Role-Playing (RPG)",2008
"The Last Remnant",51951401,11.9,3,"Role-Playing (RPG)",2008
"The Last Remnant",48666962,32,2,"Role-Playing (RPG)",2008
"The Last Remnant",10599862,15.2,2,"Role-Playing (RPG)",2008
"The Last Remnant",167815968,2.2,1,"Role-Playing (RPG)",2008
"The Last Remnant",30246419,1.2,1,"Role-Playing (RPG)",2008
"The Last Remnant",8865447,4.6,2,"Role-Playing (RPG)",2008
"The Last Remnant",12610800,0.2,5,"Role-Playing (RPG)",2008
"The Last Remnant",91859894,9.7,3,"Role-Playing (RPG)",2008
"The Last Remnant",64787956,0.7,5,"Role-Playing (RPG)",2008
"The Last Remnant",87341384,8.2,3,"Role-Playing (RPG)",2008
"The Last Remnant",88525821,5,3,"Role-Playing (RPG)",2008
"The Last Remnant",9128105,9.3,5,"Role-Playing (RPG)",2008
"The Last Remnant",45774794,32,1,"Role-Playing (RPG)",2008
"The Last Remnant",25096601,0.4,4,"Role-Playing (RPG)",2008
"The Last Remnant",56436989,2.6,3,"Role-Playing (RPG)",2008
"TimeShift",38049880,2.9,4,"Action",2007
"TimeShift",59662830,9.8,3,"Action",2007
"TimeShift",150033540,0.2,4,"Action",2007
"Tom Clancy's EndWar",117531196,3,3,"Strategy",2008
"Tom Clancy's EndWar",11731710,1,5,"Strategy",2008
"Tom Clancy's EndWar",61086207,1.2,4,"Strategy",2008
"Valkyria Chronicles",9128105,0.6,3,"Action,Role-Playing (RPG),Strategy",2008
"Valkyria Chronicles",38049880,17.2,2,"Action,Role-Playing (RPG),Strategy",2008
"Valkyria Chronicles",135400225,0.7,3,"Action,Role-Playing (RPG),Strategy",2008
"Valkyria Chronicles",44545959,0.8,2,"Action,Role-Playing (RPG),Strategy",2008
"Valkyria Chronicles",80779496,0.8,2,"Action,Role-Playing (RPG),Strategy",2008
"Valkyria Chronicles",101602586,43,3,"Action,Role-Playing (RPG),Strategy",2008
"Valkyria Chronicles",123101539,12.8,3,"Action,Role-Playing (RPG),Strategy",2008
"Valkyria Chronicles",182399789,22,1,"Action,Role-Playing (RPG),Strategy",2008
"Valkyria Chronicles",117531196,5.2,5,"Action,Role-Playing (RPG),Strategy",2008
"Valkyria Chronicles",53875128,0.2,3,"Action,Role-Playing (RPG),Strategy",2008
"Valkyria Chronicles",45411694,49,4,"Action,Role-Playing (RPG),Strategy",2008
"Valkyria Chronicles",40212239,5.2,2,"Action,Role-Playing (RPG),Strategy",2008
"Valkyria Chronicles",159411437,4.9,2,"Action,Role-Playing (RPG),Strategy",2008
"Valkyria Chronicles",51557405,12.9,4,"Action,Role-Playing (RPG),Strategy",2008
"Valkyria Chronicles",33013552,0.3,4,"Action,Role-Playing (RPG),Strategy",2008
"Valkyria Chronicles",165239864,24,3,"Action,Role-Playing (RPG),Strategy",2008
"Valkyria Chronicles",248549548,1,4,"Action,Role-Playing (RPG),Strategy",2008
"Valkyria Chronicles",93275329,0.4,2,"Action,Role-Playing (RPG),Strategy",2008
"Valkyria Chronicles",58905429,0.9,2,"Action,Role-Playing (RPG),Strategy",2008
"Valkyria Chronicles",207036748,3.3,3,"Action,Role-Playing (RPG),Strategy",2008
"Valkyria Chronicles",134322141,5.8,4,"Action,Role-Playing (RPG),Strategy",2008
"Valkyria Chronicles",86469479,4,5,"Action,Role-Playing (RPG),Strategy",2008
"Valkyria Chronicles",156565178,21,2,"Action,Role-Playing (RPG),Strategy",2008
"Valkyria Chronicles",48798067,8.2,3,"Action,Role-Playing (RPG),Strategy",2008
"Valkyria Chronicles",77980915,18.3,3,"Action,Role-Playing (RPG),Strategy",2008
"Valkyria Chronicles",82385352,3,4,"Action,Role-Playing (RPG),Strategy",2008
"Valkyria Chronicles",73495968,2.4,2,"Action,Role-Playing (RPG),Strategy",2008
"Valkyria Chronicles",63441290,8,4,"Action,Role-Playing (RPG),Strategy",2008
"Valkyria Chronicles",150789931,11,5,"Action,Role-Playing (RPG),Strategy",2008
